{
    "kdlist": [
        2.264367816091954,
        1.4305555555555556,
        1.0919540229885059,
        1.7857142857142858,
        2.5714285714285716,
        3.657142857142857,
        2.2282608695652173,
        2.509433962264151,
        0.9716981132075472,
        2.0277777777777777,
        4.194444444444445,
        3.208955223880597,
        0.723404255319149,
        3.58974358974359,
        2.0470588235294116,
        1.0970873786407767,
        6.888888888888889,
        2.8805970149253732,
        1.8448275862068966,
        1.8,
        3.3333333333333335,
        2.8,
        1.6376811594202898,
        2.5657894736842106
    ],
    "gpmlist": [
        695.15,
        584.45,
        605.2,
        635.9,
        625.35,
        671.1,
        633.9,
        689.9,
        381.05,
        622.9,
        617.9,
        657.1,
        469.15,
        673.6,
        700.5,
        616.6,
        740.5,
        620.35,
        700.85,
        611.45,
        661.15,
        679.85,
        592.15,
        623.95
    ],
    "xpmlist": [
        767.7,
        677.35,
        697.45,
        736.25,
        673.6,
        654.25,
        727.55,
        648.1,
        530.0,
        667.05,
        627.95,
        719.45,
        607.4,
        684.35,
        740.8,
        678.4,
        796.85,
        693.25,
        733.8,
        664.5,
        751.95,
        732.7,
        678.15,
        727.9
    ],
    "hdlist": [
        28343.0,
        20153.7,
        21827.7,
        22875.1,
        22351.3,
        17817.05,
        33150.9,
        22813.3,
        15533.5,
        21115.0,
        22002.75,
        29416.45,
        22934.5,
        26799.6,
        32363.15,
        26155.2,
        30160.7,
        24873.3,
        20236.95,
        19086.65,
        21623.55,
        20344.2,
        18135.7,
        25278.5
    ],
    "tdlist": [
        9661.9,
        4641.95,
        3597.25,
        7334.35,
        6988.5,
        8101.9,
        7835.8,
        9928.7,
        259.15,
        6729.3,
        5463.55,
        7169.6,
        2856.85,
        12977.45,
        9127.0,
        5763.2,
        12559.9,
        7312.3,
        8804.25,
        7023.35,
        6817.65,
        6462.65,
        6059.5,
        7300.85
    ],
    "lhlist": [
        325.75,
        396.8,
        383.1,
        298.6,
        384.6,
        349.3,
        322.1,
        370.7,
        98.65,
        310.1,
        316.45,
        312.5,
        207.9,
        422.9,
        378.4,
        358.85,
        372.1,
        269.95,
        408.35,
        326.1,
        358.85,
        404.65,
        309.3,
        275.15
    ]
}