{
    "kdlist": [
        2.377049180327869,
        2.5217391304347827,
        1.5809523809523809,
        2.7719298245614037,
        1.5280898876404494,
        3.380952380952381,
        2.792452830188679,
        3.018867924528302,
        1.0434782608695652,
        1.8021978021978022,
        2.5185185185185186,
        1.5299145299145298,
        2.4719101123595504,
        2.923076923076923,
        1.7053571428571428,
        1.4285714285714286,
        1.9285714285714286,
        1.989247311827957,
        1.9090909090909092,
        1.7361111111111112,
        2.2714285714285714,
        2.206896551724138,
        2.123456790123457,
        1.817391304347826
    ],
    "gpmlist": [
        578.8,
        620.55,
        597.05,
        584.5,
        517.85,
        521.0,
        528.7,
        546.95,
        491.55,
        574.5,
        537.45,
        595.4,
        540.05,
        614.0,
        577.75,
        593.05,
        544.0,
        519.8,
        555.95,
        510.6,
        567.5,
        542.75,
        547.55,
        501.7
    ],
    "xpmlist": [
        706.45,
        748.55,
        735.65,
        669.9,
        626.55,
        593.35,
        619.8,
        641.8,
        619.7,
        703.65,
        634.15,
        687.6,
        662.3,
        714.85,
        711.6,
        679.95,
        686.85,
        628.25,
        657.85,
        618.0,
        700.95,
        662.45,
        653.65,
        662.0
    ],
    "hdlist": [
        22837.15,
        29431.0,
        27067.35,
        22155.25,
        24442.8,
        19753.65,
        22964.85,
        22595.9,
        23587.1,
        24623.1,
        20368.4,
        27439.1,
        27355.3,
        32504.45,
        26138.6,
        25768.55,
        23518.05,
        28576.6,
        26866.25,
        15610.3,
        23572.95,
        28190.75,
        25806.15,
        25903.75
    ],
    "tdlist": [
        2286.35,
        4339.35,
        2605.25,
        3899.55,
        2285.4,
        1494.8,
        2413.15,
        2563.8,
        2387.1,
        5794.7,
        3632.15,
        4458.1,
        2755.05,
        4177.2,
        1771.6,
        4897.25,
        1799.05,
        1767.15,
        3255.3,
        4302.25,
        4437.1,
        3169.95,
        2619.9,
        4208.35
    ],
    "lhlist": [
        327.95,
        360.15,
        330.5,
        314.6,
        267.75,
        230.15,
        247.7,
        256.0,
        244.3,
        261.85,
        251.2,
        274.55,
        223.9,
        343.9,
        218.85,
        325.25,
        214.45,
        252.9,
        253.7,
        143.7,
        245.9,
        238.85,
        300.7,
        169.8
    ]
}