{
    "kdlist": [
        1.5466666666666666,
        1.04,
        1.372093023255814,
        0.5625,
        1.0952380952380953,
        3.8484848484848486,
        1.5394736842105263,
        0.8901098901098901,
        2.390625,
        1.4696969696969697,
        1.5714285714285714,
        1.9886363636363635,
        1.315217391304348,
        1.0224719101123596,
        1.030612244897959,
        0.5494505494505495,
        1.1634615384615385,
        1.5192307692307692,
        2.0927835051546393,
        0.8291139240506329,
        1.3522727272727273,
        1.0897435897435896,
        0.9076923076923077,
        0.992
    ],
    "gpmlist": [
        488.7,
        479.9,
        489.85,
        412.15,
        481.6,
        505.5,
        468.5,
        420.75,
        565.05,
        506.6,
        534.8,
        583.3,
        488.8,
        486.65,
        482.85,
        399.15,
        442.75,
        468.65,
        570.3,
        406.8,
        487.75,
        444.95,
        457.8,
        469.45
    ],
    "xpmlist": [
        625.95,
        606.6,
        598.55,
        516.45,
        586.75,
        588.25,
        526.3,
        527.0,
        685.25,
        600.75,
        586.8,
        737.55,
        610.65,
        602.55,
        572.15,
        524.85,
        556.45,
        617.0,
        662.2,
        560.55,
        594.0,
        585.85,
        585.65,
        600.1
    ],
    "hdlist": [
        19054.8,
        19496.9,
        18028.15,
        13044.45,
        21028.6,
        17083.65,
        17927.55,
        16534.7,
        27782.2,
        16344.15,
        17050.2,
        27105.35,
        25671.45,
        21861.3,
        19742.1,
        17595.0,
        20149.1,
        22153.85,
        31371.35,
        18944.75,
        21105.35,
        16706.9,
        21673.8,
        22899.8
    ],
    "tdlist": [
        2044.05,
        1066.7,
        3022.0,
        2485.9,
        3259.2,
        1910.05,
        2538.75,
        2413.05,
        3762.65,
        2789.45,
        7298.7,
        2498.25,
        1537.6,
        2807.55,
        1577.35,
        454.4,
        1261.2,
        2472.3,
        2645.85,
        1230.7,
        3520.25,
        1654.6,
        2480.0,
        2772.15
    ],
    "lhlist": [
        223.3,
        266.6,
        235.55,
        183.0,
        197.35,
        210.3,
        189.9,
        162.95,
        326.2,
        238.75,
        211.7,
        288.3,
        237.4,
        251.15,
        264.95,
        157.75,
        164.7,
        156.35,
        238.85,
        121.75,
        178.25,
        203.2,
        208.85,
        189.2
    ]
}