{
    "kdlist": [
        0.6341463414634146,
        0.3700787401574803,
        0.58,
        0.7377049180327869,
        0.7045454545454546,
        1.064,
        0.7272727272727273,
        0.9861111111111112,
        0.8737864077669902,
        0.6236559139784946,
        0.4803921568627451,
        0.6391752577319587,
        0.5274725274725275,
        0.6605504587155964,
        0.57,
        0.7041420118343196,
        1.0449438202247192,
        1.0,
        0.33774834437086093,
        0.503448275862069,
        0.6929824561403509,
        0.5913978494623656,
        0.5416666666666666,
        0.8877551020408163
    ],
    "gpmlist": [
        298.95,
        279.6,
        338.95,
        366.05,
        322.95,
        400.85,
        336.85,
        316.6,
        322.5,
        294.9,
        298.3,
        332.35,
        324.15,
        310.8,
        288.05,
        366.8,
        319.4,
        338.4,
        284.65,
        317.55,
        349.5,
        315.05,
        291.55,
        347.8
    ],
    "xpmlist": [
        481.9,
        390.9,
        493.05,
        522.7,
        472.5,
        542.9,
        497.35,
        461.1,
        488.0,
        394.95,
        437.4,
        451.5,
        477.65,
        467.9,
        449.1,
        528.75,
        500.05,
        464.0,
        409.85,
        418.85,
        468.0,
        459.7,
        454.75,
        507.75
    ],
    "hdlist": [
        11617.45,
        12337.25,
        9721.5,
        16147.65,
        12532.05,
        17416.95,
        13074.55,
        13212.95,
        13065.8,
        11524.9,
        9850.0,
        13086.3,
        14920.55,
        14441.4,
        14423.45,
        18029.85,
        13439.85,
        14328.8,
        11324.4,
        12679.0,
        12790.9,
        13438.55,
        12325.3,
        16055.55
    ],
    "tdlist": [
        420.05,
        947.95,
        760.2,
        1877.55,
        342.0,
        3423.35,
        606.95,
        908.9,
        816.3,
        452.05,
        933.15,
        1401.65,
        1070.95,
        1128.85,
        386.4,
        1542.0,
        773.7,
        865.85,
        334.5,
        1488.4,
        1919.7,
        692.05,
        455.45,
        627.8
    ],
    "lhlist": [
        65.55,
        60.45,
        114.55,
        93.35,
        100.4,
        113.25,
        101.05,
        72.2,
        80.5,
        52.55,
        44.85,
        91.75,
        91.4,
        77.15,
        71.5,
        84.8,
        55.25,
        66.0,
        43.55,
        65.7,
        98.2,
        86.55,
        71.25,
        99.95
    ]
}