{
    "kdlist": [
        0.3684210526315789,
        0.4101123595505618,
        0.3838383838383838,
        0.4740740740740741,
        0.6338028169014085,
        0.7659574468085106,
        0.21839080459770116,
        0.9902912621359223,
        0.5154639175257731,
        0.36893203883495146,
        0.3581081081081081,
        0.25203252032520324,
        0.4155844155844156,
        0.8108108108108109,
        0.675392670157068,
        0.2621951219512195,
        0.4315068493150685,
        0.40372670807453415,
        0.30864197530864196,
        0.23834196891191708,
        0.3835616438356164,
        0.4652777777777778,
        0.6173913043478261,
        0.39215686274509803
    ],
    "gpmlist": [
        274.15,
        299.25,
        253.0,
        299.15,
        342.15,
        296.1,
        273.35,
        331.55,
        295.7,
        277.2,
        297.65,
        257.75,
        312.0,
        401.2,
        396.5,
        274.85,
        299.2,
        319.75,
        295.15,
        284.45,
        316.8,
        315.25,
        339.2,
        302.5
    ],
    "xpmlist": [
        379.95,
        418.3,
        364.8,
        425.2,
        437.35,
        369.35,
        383.4,
        430.95,
        403.05,
        388.2,
        387.8,
        393.0,
        406.95,
        544.85,
        546.4,
        410.0,
        379.35,
        396.8,
        405.95,
        393.2,
        410.4,
        445.35,
        451.5,
        415.2
    ],
    "hdlist": [
        9099.0,
        15789.95,
        8666.3,
        12502.2,
        14337.75,
        10637.45,
        15275.4,
        13837.8,
        10486.0,
        6849.8,
        10908.45,
        7803.2,
        12351.5,
        15771.85,
        20255.65,
        9428.25,
        13618.5,
        12272.2,
        9937.15,
        11116.1,
        12514.85,
        14179.75,
        12427.05,
        11343.05
    ],
    "tdlist": [
        506.2,
        814.95,
        191.5,
        1427.5,
        2222.0,
        1663.6,
        574.8,
        1674.0,
        723.45,
        1850.2,
        396.75,
        275.6,
        463.15,
        1322.85,
        1078.75,
        718.9,
        1256.4,
        726.6,
        724.9,
        838.35,
        879.4,
        1032.9,
        1793.85,
        537.8
    ],
    "lhlist": [
        34.7,
        40.05,
        35.2,
        36.8,
        75.7,
        44.6,
        48.15,
        63.2,
        49.6,
        54.3,
        59.55,
        27.75,
        64.15,
        121.7,
        112.35,
        40.65,
        33.65,
        80.2,
        52.7,
        43.0,
        78.55,
        68.85,
        73.85,
        46.5
    ]
}